event_time,part_id,line,shift,temperature_c,pressure_bar,speed_mpm,vibration_mm_s,tool_wear_pct,material_hardness,humidity_pct,operator_experience_y,dimension_error_mm,surface_roughness_ra,defect,defect_type
2026-01-01 00:00:00,P0000000,L1,A,181.67594393864937,7.883921558041521,42.616969625048654,2.6106859179414323,0.0,62.295756945608964,38.89715149319524,2.6390055819913463,-0.04001534967185737,1.7110558400433573,0,none
2026-01-01 00:01:00,P0000001,L2,A,174.28258741567728,7.865231349143773,45.14693219399689,2.6287469892723303,2.8164781204956895,59.09689876783817,47.57342294287845,4.2970035470628325,-0.11561607385900013,1.77546108340969,0,none
2026-01-01 00:02:00,P0000002,L1,A,184.1324815769355,7.686503039372549,36.847052844582095,2.514836773461729,0.11161826646869566,62.02707598242066,35.882708423163876,4.875795795729327,-0.12422401975633016,1.7705195287713242,0,none
2026-01-01 00:03:00,P0000003,L2,A,185.18060594015168,8.192817317895125,41.001456431643575,2.36331179371882,0.0,61.08407885037037,41.56179670662957,8.946488258182168,0.3477422718130936,1.4149077019920133,0,none
2026-01-01 00:04:00,P0000004,L1,A,169.2793064624039,8.105590784467141,44.90203653382692,2.327054468936042,0.0,67.29181202140687,45.80227783802023,4.7665523578620475,0.0587952069059742,1.591962765569234,0,none
2026-01-01 00:05:00,P0000005,L2,A,172.85051271225723,7.2842076357787615,42.22960051919908,2.2526582472551566,3.8245980754087263,61.83018747527707,44.20303181477062,4.8125308208791875,-0.11224774854130158,1.6313939420789756,0,none
2026-01-01 00:06:00,P0000006,L1,A,180.71812221742005,7.256813302142289,47.13566834227118,2.3241783804818987,3.050864409118077,56.74555422415287,54.54216842132932,2.0330819853118864,-0.016665754110703673,1.2777313126417105,0,none
2026-01-01 00:07:00,P0000007,L2,A,178.2781657421103,8.19110800394259,36.484268246345785,2.3614494210153114,0.6162296259834978,63.8948062985082,41.359551443350014,2.2340570470115777,0.1904334653840968,1.5667797602832179,0,none
2026-01-01 00:08:00,P0000008,L1,A,179.92759363372642,7.633121107042459,36.084993812188536,1.3275678088499405,0.0,68.7871322467881,25.770168798267445,2.8539406985211757,0.11560196468841474,1.5583424550024458,0,none
2026-01-01 00:09:00,P0000009,L2,A,175.33075839834532,8.135918519795146,44.693902808179516,1.6653640697306689,0.0,66.54833738027575,32.82804381601623,3.879581676069516,-0.14068237355149849,1.6553772498925838,0,none
2026-01-01 00:10:00,P0000010,L1,A,184.86168886174556,8.351419210149135,45.03032525226471,1.5496035060462965,3.6876619083454134,57.808852096616036,47.83963678048928,3.644128797988148,0.13392785967995746,1.4513216948982763,0,none
2026-01-01 00:11:00,P0000011,L2,A,184.30535564485922,7.428071223167498,41.32362497608858,2.7144261558171707,0.0,60.97883305156461,42.71877056993919,4.900212036751926,0.004610911262726388,1.7575792652672018,0,none
2026-01-01 00:12:00,P0000012,L1,A,180.39316883658668,7.364808235440717,43.401380400160036,3.009755056970987,1.359822249552789,61.88340392601382,36.869954412377126,8.394684386146864,-0.04543479966618695,1.585316757071653,0,none
2026-01-01 00:13:00,P0000013,L2,A,186.23232663832417,8.753494257077882,44.60822442170992,0.9472055232631389,9.900359239282567,61.92951433746937,65.62606196180423,3.9934966569619155,0.1297174747602904,1.8926086881875874,0,none
2026-01-01 00:14:00,P0000014,L1,A,182.60630138238625,8.158206852333107,39.15147877951889,2.9606480365294137,3.3786825151102873,63.44765505727959,55.45875109247719,6.100082794567387,0.052219862191966254,1.721090384955466,0,none
2026-01-01 00:15:00,P0000015,L2,A,175.31139145414218,7.811341704497028,39.526030687327456,2.1476967554423414,4.369604754842156,60.692416170918854,47.47415555871071,2.2158929794393147,-0.05875695621550564,1.6248132147352234,0,none
2026-01-01 00:16:00,P0000016,L1,A,182.06812931245375,7.579726796309181,42.664041627195225,2.6569959005372863,0.0,58.520629443792885,50.09967518249282,9.088721581403163,0.03854515666375186,1.3420725059186553,0,none
2026-01-01 00:17:00,P0000017,L2,A,174.76864569544048,7.770301617991724,45.16431135962802,2.378556935021693,0.0,65.61684127873394,45.61373090093714,3.908766018718305,0.10375231272999197,1.3217839565605634,0,none
2026-01-01 00:18:00,P0000018,L1,A,184.87647665718998,7.46424244874901,37.919150757747055,2.9079938593093764,4.958894682542725,57.73044888737364,36.71566279774278,9.006788395532082,-0.0626950780299891,1.8834338371022534,0,none
2026-01-01 00:19:00,P0000019,L2,A,179.77290748957563,8.397535478340766,41.307183288227435,2.215358338346623,1.8672297476011406,58.95195714404447,57.276482577517356,3.330421196223792,0.14743477771303534,1.6991583242897983,0,none
2026-01-01 00:20:00,P0000020,L1,A,179.03325700050107,7.6504619808771555,41.145171789034464,1.3501000476528957,6.378007301833879,57.706832127491715,55.66197072998038,2.9998190485420784,-0.1820400520369636,1.5253255088130708,0,none
2026-01-01 00:21:00,P0000021,L2,A,176.30738750577834,8.492090564697321,43.46285686764968,2.041878813924735,3.429399712873556,64.32640725471828,30.203995952351896,2.59668922902543,0.028126257454550427,1.49437278821168,0,none
2026-01-01 00:22:00,P0000022,L1,A,186.77897736270717,7.8197169861034945,41.96955570496908,2.433632417887472,13.811945499507534,62.40459097577636,50.03789251904179,1.8252581589215595,0.23873511087456248,1.7386407881288333,0,none
2026-01-01 00:23:00,P0000023,L2,A,179.20758784862159,7.5304924173722085,40.08940745668999,1.9812213941561028,1.8687548397742404,65.35731375487767,51.031490030198064,6.884643129804775,0.010470498225757505,1.323944256579811,0,none
2026-01-01 00:24:00,P0000024,L1,A,177.7041969781029,7.808164285393789,46.36998023265092,2.461752447183969,4.595966016139716,59.016265018226804,45.10441894029652,2.304112657683667,-0.04628629180858072,1.5118075552070642,0,none
2026-01-01 00:25:00,P0000025,L2,A,178.12576547231473,6.819124950124363,40.11259881432713,2.063866436247756,1.188991583666163,57.23855015526707,66.8753880476829,4.8065024452198655,-0.09473393404655393,1.6406346966583316,0,none
2026-01-01 00:26:00,P0000026,L1,A,182.99270052054342,7.945654140496697,40.977662729424914,1.7724698744868215,7.110525746243004,60.31317636921314,65.89870199633499,1.686004399455049,0.23532384032847065,1.724234837180459,0,none
2026-01-01 00:27:00,P0000027,L2,A,182.07744235400241,7.923446363991428,36.42975827428132,1.5027118891786526,5.478680038765715,61.306510310309804,44.602428312772176,10.529876393262105,-0.08096590266809923,1.505763683840398,0,none
2026-01-01 00:28:00,P0000028,L1,A,182.34002936377792,8.371134235946585,39.502309431039365,1.8845015396066607,1.4164304397570175,62.794565969526246,45.99462710555315,6.9787275025799165,0.11511118892317335,1.8049969270750927,0,none
2026-01-01 00:29:00,P0000029,L2,A,182.44201551654334,7.1511627824074795,43.80626626718667,2.2125144073351803,3.49100246051686,55.606911793506654,44.937566117317246,6.709565370712511,0.10021968586001608,1.7469775542479766,0,none
2026-01-01 00:30:00,P0000030,L1,A,191.85406180478753,8.522839862388597,43.12210684724201,1.1637076201454029,8.701218606215864,63.819177280477966,42.498008642574334,4.332796581797634,0.15908651979958371,1.4644544293063544,0,none
2026-01-01 00:31:00,P0000031,L2,A,177.8422174098846,8.369269682748945,44.098309465230166,1.6709579741067373,8.483698744688795,58.60189279449984,39.71315538695598,3.6356621924565227,0.22261327596128527,1.3933996128421926,0,none
2026-01-01 00:32:00,P0000032,L1,A,177.26266499010654,8.563419603664398,43.92843800080985,1.0018193753740807,0.6282416536316333,59.53982052955351,52.56171400522732,2.727043202237494,0.23885650247295698,1.593679148843671,0,none
2026-01-01 00:33:00,P0000033,L2,A,175.6067499946367,7.976275380798138,49.30699912703304,1.7606088303120782,3.616376783089097,66.46009621833738,65.65297293053005,8.916936353923736,0.10243985878617572,1.498186567874266,0,none
2026-01-01 00:34:00,P0000034,L1,A,183.47288682416524,8.45625357534624,39.38249410393581,2.758523103857973,10.62133312603376,53.703851987277844,61.95073700905782,1.3166885365268317,0.2391531259228303,1.5651975530549993,0,none
2026-01-01 00:35:00,P0000035,L2,A,186.2968476099649,7.3379401842918925,36.33201689797824,1.4889792470285088,4.798466597915832,63.22550770323442,55.10259295416274,5.667568340344366,-0.20723139756893733,1.5975872893160874,0,none
2026-01-01 00:36:00,P0000036,L1,A,179.46328898289818,8.32087140434204,38.323064513749664,2.486737860223731,5.9931246865049195,63.21116879425644,26.33599273828223,2.3743473697954993,-0.13828370526590877,1.7312482134923268,0,none
2026-01-01 00:37:00,P0000037,L2,A,175.4716393767061,7.652976757055025,39.53721857458943,3.6668538200217764,8.666510035694516,58.88861708796713,31.21905464946935,1.6798233266147964,-0.05883507379939791,1.8169652923745638,1,process
2026-01-01 00:38:00,P0000038,L1,A,175.5603533136982,7.256869175409679,38.58985572184081,2.8994459721915424,1.7320863096761627,60.301383580519115,57.577469758457156,3.1347152587605476,-0.19448273134342364,1.5816468872017526,0,none
2026-01-01 00:39:00,P0000039,L2,A,183.67576033303584,7.4941367668260375,42.32781296675699,2.1734323592151665,3.0523360791403773,66.63997784817488,62.57436103135939,3.1666692788409128,0.09506601215208355,1.193853349199313,0,none
2026-01-01 00:40:00,P0000040,L1,A,184.18789794161893,8.002489012383172,46.38429216944957,2.575521113637206,5.043188464635792,69.4591094670899,52.983611616204996,4.962495657253136,-0.23996180913476628,1.8065858587869317,0,none
2026-01-01 00:41:00,P0000041,L2,A,183.08984847567856,7.629065356302078,47.388806755394704,1.3466744586597645,9.771013716708605,66.04595829416094,45.24977716454768,7.396756417152329,0.1136106786669119,1.4937202878618399,0,none
2026-01-01 00:42:00,P0000042,L1,A,176.44469660991217,8.169233089263109,43.765079756463116,1.2346219406241952,9.359296044756892,69.16631233748979,60.17070908456393,3.5587754379082686,-0.05328684011421339,1.699278174511612,0,none
2026-01-01 00:43:00,P0000043,L2,A,181.38438727686696,7.186293100248192,49.49445275408905,2.1157839599936668,8.602156244418437,59.37293868626332,54.7823439469102,1.0441803526193187,-0.05738006458158289,1.606511305389831,0,none
2026-01-01 00:44:00,P0000044,L1,A,180.75177195027402,7.042806105372862,40.75269430201753,2.3192358099076262,6.168234439701978,55.99568054745385,58.23700752660025,2.2565987750881664,0.17308787877176393,1.9866815691308013,0,none
2026-01-01 00:45:00,P0000045,L2,A,181.3152872820096,8.61757434536461,36.28618335299151,2.701922356337082,10.11728064161051,61.80003826780276,31.290878034645957,3.5282057655628956,0.03554204937900022,2.0158169119775113,0,none
2026-01-01 00:46:00,P0000046,L1,A,184.90785827871505,8.406710058230646,45.68612323760859,1.8035222712461476,6.41349287891364,65.05846281720156,51.09005920828545,2.9306771127085662,-0.07020179995332601,1.5204425040416027,0,none
2026-01-01 00:47:00,P0000047,L2,A,181.34727551826077,7.527816423838787,35.56491962887828,2.206367516398905,8.748189751402936,54.95194959675573,63.971140324200235,5.671839074345755,0.022153027078751095,1.4036127196313384,0,none
2026-01-01 00:48:00,P0000048,L1,A,183.8540245968954,7.998650160438257,39.357489420550685,2.187511356104136,9.893259783326673,58.47946397255942,52.74703587419728,4.842290165810251,0.10649213371280822,1.4299903029044998,0,none
2026-01-01 00:49:00,P0000049,L2,A,180.4941848821889,8.458778177090595,43.820392813479785,2.027733241932943,12.39046020253194,58.901498646551076,56.534202584603925,6.261905986654665,0.052346468120462494,1.7158223929840204,0,none
2026-01-01 00:50:00,P0000050,L1,A,181.71515669279492,8.188640273730773,41.641664819829266,2.0601388181262994,7.273883389111663,63.35494153707068,48.32735619454797,0.6862522148684523,0.3315632624293804,1.517634170013431,0,none
2026-01-01 00:51:00,P0000051,L2,A,183.59958524211197,8.066700393282565,41.33166532994973,1.6299125235482417,6.497883622875033,62.86495434224843,48.954676100638416,7.035993994983974,0.07754444259047806,1.396130343187226,0,none
2026-01-01 00:52:00,P0000052,L1,A,172.11564299079384,8.492819336590669,37.86723488512998,2.25383907461173,11.613797516936527,59.05438906068349,60.622747881364376,1.121684855346332,0.05490646390041863,1.579225564087671,0,none
2026-01-01 00:53:00,P0000053,L2,A,178.37430831003485,7.671179386159451,41.96219163698332,2.2072774891072933,11.986986307476108,62.68328255122501,41.971904863437814,5.415923980420947,0.013772270757948478,1.7478009690564131,0,none
2026-01-01 00:54:00,P0000054,L1,A,177.5479504013896,8.014030301899083,45.51281871058227,1.8579935287241809,6.384162237114767,57.64974029789933,41.09124793566193,8.076447000113676,0.14226713457006188,1.5783348422043906,0,none
2026-01-01 00:55:00,P0000055,L2,A,176.62367183466162,7.991968112768424,42.06988770787606,2.466175846312962,4.842041661550062,60.379585712060546,43.696073777057485,0.8947940025593557,-0.06939687883759929,1.5124146020399876,0,none
2026-01-01 00:56:00,P0000056,L1,A,178.62671761825322,7.8772570785480305,39.09420942125629,2.665307373637763,11.957103398498337,57.19380083977528,48.21101762222651,0.609850003111062,-0.135529059839897,1.6261008860195878,0,none
2026-01-01 00:57:00,P0000057,L2,A,188.3646772117892,7.824587519860661,37.633615387909344,2.5511211525987103,3.5176750220710193,61.42909625437971,33.50919979798732,3.657313904617086,0.19073909406232403,1.553973199489821,0,none
2026-01-01 00:58:00,P0000058,L1,A,175.38292886368717,8.032790707022821,39.16641895965547,1.5266561739666016,3.5073100000893307,58.958140816342045,54.57953037341707,2.9440501306059375,-0.04829158650132111,1.5833674339237045,0,none
2026-01-01 00:59:00,P0000059,L2,A,185.47303095025316,8.015483373193488,43.37316813345026,2.1813197288786523,7.923686084145299,64.62342507626059,46.52177802535026,1.5486758588278149,0.19644925266044488,1.6742360554267424,0,none
2026-01-01 01:00:00,P0000060,L1,A,170.89421625611308,7.528207560859463,43.202607918258984,1.5987126404251013,8.878747718616035,61.900489131247795,55.68320334099818,0.6129070898615714,-0.22976709791697564,1.332272596968993,0,none
2026-01-01 01:01:00,P0000061,L2,A,178.31063233507825,8.360808159455202,39.19822514791516,2.1531051104649084,5.534429215454115,61.138377543226525,28.928370661254373,7.1201283657798236,0.060116970238375346,1.6201104770373012,0,none
2026-01-01 01:02:00,P0000062,L1,A,181.05014185807752,7.560626656505184,34.2623420230628,1.6008548166390475,9.522735872274396,68.7188726021795,55.71770723836454,1.6188703455586204,-0.24578685878258005,1.5965044845852567,0,none
2026-01-01 01:03:00,P0000063,L2,A,183.38172282247604,7.901794949953771,43.47004467285258,2.8024398355451323,9.79941026590944,63.45649507267082,60.03205449557816,15.25280736777048,0.024463582470606614,1.4933331425269274,0,none
2026-01-01 01:04:00,P0000064,L1,A,184.0717461888607,7.867123787275977,38.85802410358662,2.5321237393604057,7.701693460694305,60.60101448219867,51.946930506015555,1.7177725694528057,-0.029228223139818474,1.567683663442492,0,none
2026-01-01 01:05:00,P0000065,L2,A,184.5259097935996,8.161146625696647,44.41171867655349,2.743610494223107,15.386106823217858,59.78180568107288,48.27017089351118,1.817833069940008,0.19161354802119188,1.927202827199148,0,none
2026-01-01 01:06:00,P0000066,L1,A,178.2470121026336,7.0464032269022,39.353616252552875,2.678447149607523,10.717855058593342,57.511544097461254,55.78682969403165,0.3928474293755493,-0.13841421522623445,1.809825903563539,0,none
2026-01-01 01:07:00,P0000067,L2,A,177.62456514034486,8.400909416718257,38.54234841215567,1.9511701586344845,12.956895680993924,61.7496412352718,59.44285432866824,1.6147971387516877,-0.1636091846162887,1.6902989106273438,0,none
2026-01-01 01:08:00,P0000068,L1,A,184.88886734691434,7.695354343574526,42.536101675408545,1.881914253304374,5.345646748277746,63.168931461031214,52.70633911059075,2.0537308836786967,-0.017266049187345547,1.4275080690435837,0,none
2026-01-01 01:09:00,P0000069,L2,A,179.12032621315115,8.548983482649675,50.25194730509229,3.0579481057850844,5.46261741979122,54.72537122849646,53.37877062881391,3.748420322195508,0.17846302946647286,1.3914427361665163,0,none
2026-01-01 01:10:00,P0000070,L1,A,173.15872522164145,7.78482578396773,44.62160496890801,2.0091841924051717,11.38018783194678,56.81686259748197,62.912476867496636,5.420377747011572,-0.0659398199790183,1.4967750354324443,0,none
2026-01-01 01:11:00,P0000071,L2,A,173.94442032298087,7.978020386419695,42.47676754722048,1.3549806466404006,15.707430211117963,60.038809400785915,54.850412870821,2.6137865217225356,-0.16391473589836444,1.6879891089036922,0,none
2026-01-01 01:12:00,P0000072,L1,A,175.12301242699115,8.86120371803079,43.25598037733339,2.654106703516204,7.255906948797142,57.8269132796045,40.7976678055155,5.38075710689081,0.13451733524839576,1.6356228499558922,0,none
2026-01-01 01:13:00,P0000073,L2,A,182.9168840922957,7.875197806042849,35.87109448480041,2.1790766175450464,10.858701368075275,62.16437844689857,59.39977711716833,9.679549689684153,0.20957909107678657,1.5458407529354588,0,none
2026-01-01 01:14:00,P0000074,L1,A,180.9683415483881,8.557482448103057,38.071808702366056,2.9282692681884406,6.866139837339618,62.69217776304616,46.886508391444394,3.229165642632565,0.18063955942558418,1.7841091556355027,0,none
2026-01-01 01:15:00,P0000075,L2,A,183.98516944737273,8.017570288504052,33.211748972335016,2.233633322889467,8.558417916641755,61.53523200185461,48.29954707742503,2.7137276701538786,-0.24489663840338732,1.696241499416761,0,none
2026-01-01 01:16:00,P0000076,L1,A,177.84011044514907,8.18693847363207,48.05455863101818,2.088999181959308,11.436476813567486,64.09066242125981,48.961923846812624,1.8189414984222827,0.06375865109220691,1.2103606642088631,0,none
2026-01-01 01:17:00,P0000077,L2,A,181.06446830092193,8.031481365235118,47.34585110204512,2.9393664448260797,9.522166359911715,59.77733334524191,56.71981080890286,3.810884475858707,0.06525426520010538,1.6857030362399135,0,none
2026-01-01 01:18:00,P0000078,L1,A,183.63574716682035,8.381533231835055,43.374864841752185,1.253843510229657,7.2262854333481155,61.82556153024995,63.73967616890613,8.843779170539056,-0.16413825723561692,1.7090307125930235,0,none
2026-01-01 01:19:00,P0000079,L2,A,178.4960940315387,7.691510774216127,42.47290286079472,1.778050732468346,7.30196121387053,58.18740837762568,48.219792979014144,3.6925332513630913,-0.19312427226007373,1.6342691852655828,0,none
2026-01-01 01:20:00,P0000080,L1,A,182.71226380656574,7.557178164641367,36.56943499125847,1.6119503654796357,5.770547130178711,63.08155488771156,63.581358991012365,5.504227136257782,0.06946676136111171,1.6745210842612015,0,none
2026-01-01 01:21:00,P0000081,L2,A,176.56190732413341,7.71264071433034,41.232450139122584,0.8927061217846937,13.001179981072342,62.28845099084805,49.4812948149352,3.830605993941449,-0.059459577217587226,1.592468174345856,0,none
2026-01-01 01:22:00,P0000082,L1,A,178.2082038438921,8.044869669345841,48.27337157441362,2.580247035409132,13.50702879057913,57.445567043908305,60.61951149350677,3.62679418849614,0.0558663575354202,1.6912996771275857,0,none
2026-01-01 01:23:00,P0000083,L2,A,178.1079415830092,7.9006315465023516,42.459955993685,1.7934198723093835,13.634803166785016,61.41077437422193,49.78589764380708,13.758116205225363,-0.09327151983106582,1.6688477331567657,0,none
2026-01-01 01:24:00,P0000084,L1,A,173.63288194926028,8.31962369441203,40.02373736825837,2.597952422905616,9.272472606404273,61.85627688158529,43.568187091883644,4.771162999625377,0.08556237067277585,1.6834917216101,0,none
2026-01-01 01:25:00,P0000085,L2,A,182.8908486443207,8.587129264919684,35.846752689987355,2.3139975701790325,15.16071101457969,63.06784523223646,65.29889160990078,6.583357164673675,-0.058261086613162205,1.6144703105336535,0,none
2026-01-01 01:26:00,P0000086,L1,A,177.63328712888503,7.560872748244246,46.83107004705782,2.4339283566452266,14.406050288246862,63.20885032497037,42.70903681097644,5.19440470448835,-0.11638101300671981,1.8937824741783407,0,none
2026-01-01 01:27:00,P0000087,L2,A,180.28621765300227,7.669723043773731,41.754706696403204,1.8495302855376439,12.450454648506422,59.259493432014025,42.106718296480686,3.7508390309616906,-0.04562332124221945,1.9060118079752437,0,none
2026-01-01 01:28:00,P0000088,L1,A,182.8641066239825,7.353692261759216,35.8514315132301,1.6796635208082233,12.100942341650825,64.90184970014431,36.6956373401011,0.5783255090126526,-0.21416499722780838,1.5709408558435791,0,none
2026-01-01 01:29:00,P0000089,L2,A,182.6784214681647,8.913667845841596,38.765070112749605,2.1493684813708462,10.766939307177804,63.98761157958918,59.40540767282125,2.5504796483231975,0.0092321224916109,1.4557514994111864,0,none
2026-01-01 01:30:00,P0000090,L1,A,183.88461809935032,8.137101274604822,37.52861693924655,2.6055425008194932,13.433628358929031,59.2465975572192,61.531025694899924,8.719428389376137,0.20720342378711956,1.473704615416271,0,none
2026-01-01 01:31:00,P0000091,L2,A,179.68582983519815,8.21591104402321,41.5388976600081,2.072289896983942,17.851743415953994,57.657751228945386,51.35816857218084,0.9835429369279663,-0.059305074937733175,1.8055953774775975,0,none
2026-01-01 01:32:00,P0000092,L1,A,177.90185928375715,7.396906226736029,42.725686393644864,1.7139350225522392,16.556426989706683,59.537023747881875,39.14514177565768,2.313544069527384,0.0398620481282025,1.8085971364033477,0,none
2026-01-01 01:33:00,P0000093,L2,A,179.7940498400148,7.999473504946907,40.238740275025165,1.4405400497309029,12.517083014827053,56.40773779900354,47.938990928385685,2.3435951036773863,0.07050664325432865,1.7201829525100936,0,none
2026-01-01 01:34:00,P0000094,L1,A,170.95466061323086,8.22916159298589,44.719663087704085,2.212289658428105,15.044435813894507,62.790424745881886,45.276425840927054,6.85306366817802,-0.08502858801264583,1.792140062795262,0,none
2026-01-01 01:35:00,P0000095,L2,A,172.27838140167304,7.886259039259508,42.275807841653545,1.7952628557893044,10.267138422863297,66.49752770768812,38.725782626244,8.953732146601713,-0.2752325713866479,1.5593965717209195,0,none
2026-01-01 01:36:00,P0000096,L1,A,172.9651521320508,8.484067531171878,45.718093348452456,2.060542676935643,15.904487246501317,67.40187502011861,43.5999759313252,1.3889108526905836,-0.005920651820523511,1.4018622949126665,0,none
2026-01-01 01:37:00,P0000097,L2,A,174.75764244819186,9.040324006539274,40.74982072671748,1.9686716697632374,11.364571429146771,57.86050261283034,52.55162086167333,3.405443213329662,-0.23254225378260795,1.5707395485205238,0,none
2026-01-01 01:38:00,P0000098,L1,A,182.44375824697892,7.573821727807721,52.65863957203901,1.8555629639235,16.07076668383302,64.98985618944499,42.55348055534829,6.727744799855215,0.012759754542742738,1.9968697660201142,0,none
2026-01-01 01:39:00,P0000099,L2,A,175.26736519551966,7.540060739310486,40.02428946784115,2.261591958417732,23.050073714280348,62.321103335925706,50.62560494835981,2.4407757546287643,-0.038209895902839866,1.8507722158658446,0,none
2026-01-01 01:40:00,P0000100,L1,A,178.17010595278336,7.60500977051214,38.83834502885445,2.404977246279259,12.575676988732898,52.89542668481975,32.01310020232799,5.461705653409411,0.06157966748684934,1.7572538331645602,0,none
2026-01-01 01:41:00,P0000101,L2,A,187.39825563782335,8.72278962200742,38.40794807466485,3.2420720210387515,23.196981356285523,60.736890835121386,63.11262952017148,3.2920526465988575,0.19553497265281983,1.995642569361641,0,none
2026-01-01 01:42:00,P0000102,L1,A,178.29554815916217,8.469059892663358,41.261707457059934,2.5168822430764815,16.043335034777506,60.31400435986548,44.47729579325569,11.809324677094509,-0.0236850798511148,1.5877963741503134,0,none
2026-01-01 01:43:00,P0000103,L2,A,184.31383562656896,7.939012481992858,35.98162368196976,2.9821743224890187,12.465408814499863,66.60110800470387,55.832239955766106,2.5872007090999327,-0.012647486258211715,1.762761139310015,0,none
2026-01-01 01:44:00,P0000104,L1,A,175.12510275994566,8.016451848980394,43.03096995339734,1.649769795729045,12.470774356939613,58.69037286587959,49.698165192929785,6.021976529897544,-0.10678197104169818,1.744465955665375,0,none
2026-01-01 01:45:00,P0000105,L2,A,179.13259343172803,7.6325553682114755,35.33143680652317,1.2194803761001372,22.094866823545175,64.1396445193306,51.622483057981526,2.8730835218235837,0.01777166262431587,1.6004092040426952,0,none
2026-01-01 01:46:00,P0000106,L1,A,175.03987869799178,8.400512220984433,42.56584823420031,2.0920633593539133,16.62182319696644,61.59306432704943,37.8121404587091,4.2187180880197825,0.03716037125351524,1.7845402442466778,0,none
2026-01-01 01:47:00,P0000107,L2,A,178.40281808254693,7.8290441791511505,37.270618895662764,2.571914984282005,13.58725571721677,56.50592578751335,41.15496914231961,1.5099750399142333,-0.026071123644489956,1.9232762179103207,0,none
2026-01-01 01:48:00,P0000108,L1,A,184.89169475601568,7.88296555724525,40.665473074169675,2.5016894505959684,14.818189595442718,59.90169582747945,41.35931927362361,5.4921929711125195,0.1647676207983776,1.6472580202082214,0,none
2026-01-01 01:49:00,P0000109,L2,A,170.7722376724421,8.273955397188166,44.11589139696326,2.766259864779616,16.86375590455543,67.82019954821168,48.22812683436698,7.481274972387362,-0.04961745497022859,1.4869439753482807,0,none
2026-01-01 01:50:00,P0000110,L1,A,182.66433003950223,7.91540227786255,50.064131893567236,0.7049000525581366,15.688123688646616,61.341191914936,59.93540022453926,1.31610224943106,-0.09596653493731301,1.6922699851192535,0,none
2026-01-01 01:51:00,P0000111,L2,A,181.58504581282753,7.8942653029259695,38.22699817726595,2.7891372921863145,16.894840295965366,65.44229482603761,51.89929355884232,2.221629990768717,-0.09073290393765149,1.6502831968261285,0,none
2026-01-01 01:52:00,P0000112,L1,A,177.01217524366763,8.004758842488084,41.47388892700763,2.2845044445363025,21.320832689962828,65.23400629335568,39.89693665095863,7.0288959100533805,0.07111212527402688,1.8264642166397607,0,none
2026-01-01 01:53:00,P0000113,L2,A,172.3291818008635,8.357909936206884,39.4668446382856,1.250792660181243,12.758945149169115,60.2965973653707,48.78600577735262,3.0244254896800555,-0.25456659785712954,1.5037196893245421,0,none
2026-01-01 01:54:00,P0000114,L1,A,180.68171229242628,8.740921883967726,38.955453871037214,2.4979408657008433,18.219605269006017,57.12299459059206,47.27429548625859,3.5537253537699325,0.05062179900813186,1.766428416148878,0,none
2026-01-01 01:55:00,P0000115,L2,A,177.37529010014907,8.263468804510737,39.497593345106594,2.1932154172581297,16.209878614525035,57.62309034958354,44.84221409191127,1.707891574660988,-0.010370789508503111,1.9299094197459101,0,none
2026-01-01 01:56:00,P0000116,L1,A,181.56971916245087,8.36149140063092,44.88423266472929,2.309676114217928,15.074292533252427,67.51633476159151,47.86125126762263,7.576201618876041,-0.02631094761798146,1.7351348015699926,0,none
2026-01-01 01:57:00,P0000117,L2,A,180.41268680037894,7.910065672054494,40.29180447519367,2.649510032673449,19.930808217655542,62.57660216528921,54.873407292056214,1.5122171238659419,-0.1604738152325173,1.5015468613635519,0,none
2026-01-01 01:58:00,P0000118,L1,A,189.104783902265,7.681490961574077,49.87259444394799,2.428537562877664,12.472865953088728,55.41147970227762,41.520662233658065,3.5521609977913595,0.031041465070473506,1.7485468218780877,0,none
2026-01-01 01:59:00,P0000119,L2,A,178.98104404889838,8.294293804505802,43.45592739563157,1.2899461958416731,9.9006999255552,65.16905000556616,44.886980967005925,2.5548003541375084,-0.2030398752586027,1.6266930826672281,0,none
2026-01-01 02:00:00,P0000120,L1,A,174.67076379057974,8.077058371070256,38.46496268589074,2.0213355516194,17.816456187143594,55.209965182824135,56.83908722603532,6.151643686999886,0.017378955613533496,1.7707927811671407,0,none
2026-01-01 02:01:00,P0000121,L2,A,181.28851599225976,7.359817108062613,40.71653186249223,1.2102951560320094,16.871175066095596,58.86072787439615,52.220664960204,13.908507672872624,0.01622956092847059,1.860257834716687,0,none
2026-01-01 02:02:00,P0000122,L1,A,181.51498176184472,7.852368669458481,39.19353553486004,2.456984034307391,13.370029677131553,62.308918615779454,59.51200632253965,1.0644300948313972,-0.06279774160423143,1.6071731346018117,0,none
2026-01-01 02:03:00,P0000123,L2,A,187.7830316638224,7.962696339433301,44.8002402853135,2.9369782028200255,12.439771082873472,71.57759250362884,60.92264745836977,2.4376215953707416,-0.0007869845995484293,1.7137251633581534,0,none
2026-01-01 02:04:00,P0000124,L1,A,184.90311185253017,7.7702939598371845,36.26427120202162,1.433457433941764,23.50618584729213,65.10080409774343,35.75512991830156,2.982167634662629,0.18719121415952772,1.6160494426149787,0,none
2026-01-01 02:05:00,P0000125,L2,A,182.27529082532232,8.666781017543958,37.30667016847467,1.7306949317071743,19.246187401021896,60.166919008456716,50.59468008849361,1.4638030910987392,0.139981958658261,1.7743996110320712,0,none
2026-01-01 02:06:00,P0000126,L1,A,188.3631659017076,8.215927566605998,39.929588584378,1.693233859613544,18.05893716921534,62.10759432483887,43.42839035203332,3.806602529706443,0.07181888743650379,1.75438386884169,0,none
2026-01-01 02:07:00,P0000127,L2,A,173.7793032012243,8.617928713049892,44.39031377598414,1.8503521004339147,24.728591869735464,65.49489502308863,37.211528387831905,6.487894764296396,0.1550210324016425,1.779311013327875,0,none
2026-01-01 02:08:00,P0000128,L1,A,176.8013665698764,8.118541367743472,46.3157109618797,2.3268327370093775,21.351901764910984,67.40308050516539,40.897259543110565,4.485896360099693,0.0468977863141014,1.941890801354485,0,none
2026-01-01 02:09:00,P0000129,L2,A,175.2263323222696,8.036624526391284,46.83189766770495,1.8563119828443626,23.736401740192044,61.058969912316016,45.29308485699452,5.584069817808504,0.03505315717511684,1.6235698551196558,0,none
2026-01-01 02:10:00,P0000130,L1,A,178.18104608264326,7.578530982075388,43.854305319816355,2.458891594984464,15.031566787079008,61.16925565209161,45.349313833468095,2.327207026863272,-0.1389190848001202,1.7380216718868868,0,none
2026-01-01 02:11:00,P0000131,L2,A,172.7557261884403,8.005368289938454,41.70988662274693,2.6859588735417863,15.062107943911663,58.84581567876108,42.53800180592074,5.622639298196892,-0.24262877834338314,1.8269427450215445,0,none
2026-01-01 02:12:00,P0000132,L1,A,183.82333020747924,8.005874266553947,44.78119034309898,2.7059675937311027,20.708368562490907,64.52760298632415,47.877227443933755,4.39208633440937,-0.0680815023960083,1.7052805516396174,0,none
2026-01-01 02:13:00,P0000133,L2,A,179.11027516595675,7.3847987521845955,37.99424783898901,1.4850003975466939,20.243497654287367,65.8986935724953,70.01981578100379,1.6487036099388408,0.1893262944934963,1.5265858820153022,0,none
2026-01-01 02:14:00,P0000134,L1,A,172.24556538023538,7.757212638603322,35.54369972294321,2.862260919459998,22.891843249836768,54.63299731490694,32.47303264488071,3.9420053988797528,-0.19931350745043075,1.536670163063194,0,none
2026-01-01 02:15:00,P0000135,L2,A,174.7518150533585,7.854522830667637,43.52823152190271,2.9063397566819313,14.393347659776305,60.49213714730684,58.234592255889524,2.5622391412668493,-0.023584268382801938,1.7508455582473106,0,none
2026-01-01 02:16:00,P0000136,L1,A,182.06432616097607,8.186065794825074,38.48012553997903,2.953973962180443,21.53936367648636,57.38890511726996,47.83463117989871,17.7691615219466,0.1414602164216589,2.099845965239711,0,none
2026-01-01 02:17:00,P0000137,L2,A,184.9521961234191,8.207607550393568,41.771426437420814,2.0303413793768113,22.539234471689458,62.573446436318875,44.059090375584795,6.745747151600513,0.12112686182827714,1.687880288259794,0,none
2026-01-01 02:18:00,P0000138,L1,A,191.32701990430482,7.738406683115658,42.41869455555485,1.818372997956834,22.522801914719878,57.295804347080384,29.836109315194058,4.230551898345079,0.15473459233878667,1.8606413573311344,0,none
2026-01-01 02:19:00,P0000139,L2,A,196.3737435630403,8.210991321143847,42.86841845712404,1.7813947288206788,18.63705971352029,56.983464007899514,54.86486981316767,8.324867852267896,0.2548495099019055,1.3236869546201797,0,none
2026-01-01 02:20:00,P0000140,L1,A,182.629251883018,7.918064481793167,45.28227038483768,1.4940210623838495,21.55584551478823,66.2693732667016,35.03129252406618,5.704041781698401,0.12791062315742086,1.8425724718333814,0,none
2026-01-01 02:21:00,P0000141,L2,A,174.91004033982475,6.708670988815269,44.91226315902106,2.106429723665678,17.815885866961082,61.37074228565789,55.45104513979143,1.668246265693928,-0.2525514673044885,1.552486902459509,0,none
2026-01-01 02:22:00,P0000142,L1,A,168.6287454559778,7.781884085621806,42.68250023508691,2.566318521069734,19.406876040172893,61.77235658401972,63.671977820943795,9.793240627412946,-0.17950844758426815,1.7058388448962831,0,none
2026-01-01 02:23:00,P0000143,L2,A,181.8299130428911,8.485544888064071,40.45294651835708,2.8186071425430397,17.299762410677626,63.64040348254301,36.45476612766129,1.381230135778542,-0.1706165911514826,1.7696558799723685,0,none
2026-01-01 02:24:00,P0000144,L1,A,175.88882397579323,7.243187409517544,42.37716731036712,1.8329435860007068,18.295431383412318,65.68911205555804,58.51524526461661,9.086315797145591,-0.3135258803551039,1.4648777272950542,0,none
2026-01-01 02:25:00,P0000145,L2,A,178.07803506901175,8.050711040186993,39.913263541637775,2.078721453105841,19.991398729148354,60.40934723621431,48.22895428272421,4.462282601805421,-0.15359765643563839,2.29741107806912,0,none
2026-01-01 02:26:00,P0000146,L1,A,176.99846760517107,8.71336754638338,41.3124987729784,2.042696845629205,19.38433261422924,60.49400450606461,29.1521583134284,3.7987886278197878,0.14751928113545149,1.6512030744324098,0,none
2026-01-01 02:27:00,P0000147,L2,A,179.5931501247099,7.657724171145284,51.16360698253145,1.7505958625741735,18.72362567083308,60.510147196738366,37.15664830547212,2.285861953563893,0.004983199716700651,1.8391455109148775,0,none
2026-01-01 02:28:00,P0000148,L1,A,186.23289126933204,8.000967086192459,42.63766395309239,2.5448542842163175,17.24406598632248,66.10973380225069,49.60403978374687,4.610534929557917,0.21637573356488082,2.0166300058034756,0,none
2026-01-01 02:29:00,P0000149,L2,A,181.2362671209494,7.413192684247435,43.575857559631416,2.299566535642774,27.169001651091317,61.741086507529644,51.61064921069666,5.494102048384684,0.07832206541727452,1.9063556810420312,0,none
2026-01-01 02:30:00,P0000150,L1,A,179.50250839628723,8.732254013748607,39.530817728393735,2.1780027463157836,19.92688259889865,60.89382641475209,33.773778699608975,5.2201891551984225,0.10829950792888249,1.556640230950512,0,none
2026-01-01 02:31:00,P0000151,L2,A,174.68140435945804,7.962500317851523,45.57025695750454,2.2970679915577588,22.56132529202226,63.48540644109916,48.28534584288274,4.423909154160652,-0.12736241249900315,1.8185929472702225,0,none
2026-01-01 02:32:00,P0000152,L1,A,171.16924380412604,8.020982079257308,44.66095347932198,2.4384981863766164,16.43736984555266,68.95876595915917,55.412003643133104,3.4724142954525576,-0.06160504156658689,1.4598669908122246,0,none
2026-01-01 02:33:00,P0000153,L2,A,177.70780650009667,8.60943520947753,44.685733941292796,2.4329903605217136,25.930090255871107,62.282275948195235,56.98717967477375,5.900160317076828,0.11562931204213958,1.7900476683087783,0,none
2026-01-01 02:34:00,P0000154,L1,A,180.08919597049922,8.297665277590466,42.75211936363712,1.6388305241329786,22.50148195146054,60.976100546221,44.28447629460804,2.9758833847514055,0.3218774821878983,2.062448696433477,0,none
2026-01-01 02:35:00,P0000155,L2,A,190.11111452468936,7.605967070376467,45.6196653351837,2.702980763253029,20.81123351408176,69.38339436836313,51.94621900700918,3.6919035482205005,0.13914458710263566,1.597502302272337,0,none
2026-01-01 02:36:00,P0000156,L1,A,181.10650986810086,7.708724934160708,46.450898188221565,2.240451364724308,20.98029107372244,67.05324624055471,57.65191847817866,4.994778666936102,0.1435857676254613,1.6644961496492692,0,none
2026-01-01 02:37:00,P0000157,L2,A,185.79756731062682,8.222719087035484,42.990846217722535,1.893317304352137,25.03680100186959,66.50233502469247,55.67210381296804,3.913286120115625,0.12897135225854506,2.151839413876892,0,none
2026-01-01 02:38:00,P0000158,L1,A,177.64887420803467,7.719145525221677,41.59885674349887,2.2288263302953935,13.712142285194204,60.09739033397352,56.022934937962106,1.3973892098763274,-0.11375742929691803,1.662934409577493,0,none
2026-01-01 02:39:00,P0000159,L2,A,173.88030928470639,7.047240509545762,45.13099846540166,2.2894626121987796,20.241705698158487,59.72065442044292,49.02155954070377,4.454264957712291,-0.0007256176251732582,1.6211024773723222,0,none
2026-01-01 02:40:00,P0000160,L1,A,175.09185780772196,7.976041640612415,38.8355614270409,2.694981016940268,22.499891344339282,55.030213077206135,47.149340366616734,4.4689626759975685,0.1959115980598905,1.8804881015982258,0,none
2026-01-01 02:41:00,P0000161,L2,A,176.41375664505335,7.333904302493836,39.48713901784636,1.5246144043331509,22.6081667563062,65.66668417384615,50.449022163794254,4.231999542823916,-0.05830870379914225,1.7082972004106627,0,none
2026-01-01 02:42:00,P0000162,L1,A,192.1115835283934,8.727326789103676,41.813448799902844,2.9747498980208875,30.658793033892387,62.2925891714121,41.12608152898321,3.5073954569484598,0.2219060660605254,1.4603066913182705,0,none
2026-01-01 02:43:00,P0000163,L2,A,175.88987326426587,8.07955443699342,35.90525026046649,2.1127414959704054,22.27293387436989,55.1566260672802,58.00885493768735,3.1395229681152323,0.014857595666409637,1.5599434053490424,0,none
2026-01-01 02:44:00,P0000164,L1,A,185.0216906205499,7.592671224465391,44.89658345747198,1.8400061432581687,26.39925240475639,66.56702088789935,34.22635898908719,3.97244807028662,0.12675011433589792,2.201415996555952,0,none
2026-01-01 02:45:00,P0000165,L2,A,175.44640052052134,7.685615413401896,38.62980139386962,1.804783045078576,29.006400131036425,60.71806637390231,43.46120719272836,2.3146951475026576,0.20505944875700843,1.9170292368264703,0,none
2026-01-01 02:46:00,P0000166,L1,A,185.53865157080833,7.149771085456736,40.34978142474385,1.5769434611861313,25.726127971651003,61.18649432532684,47.67381464976888,8.66140926301848,0.12356267653774447,2.062733391522335,0,none
2026-01-01 02:47:00,P0000167,L2,A,182.53473031358223,7.5052421509487734,41.2535214151208,1.1424968139337914,21.835694643298844,56.250716671395935,52.22711549042869,5.064521594915054,-0.10449042654635349,1.577052269653351,0,none
2026-01-01 02:48:00,P0000168,L1,A,179.55849156288048,8.457345441143314,42.137503875496925,2.472569934197562,20.146537242039162,63.8703540743044,53.917756635019785,4.736860626771396,0.2296352538910306,1.7689424377923233,0,none
2026-01-01 02:49:00,P0000169,L2,A,180.19830610625513,9.004303765471576,40.79721353251935,3.1894875202320803,26.379117990999756,63.90672609795196,61.40087541566289,0.6432167938249039,0.24486945546087902,1.8494691062153656,0,none
2026-01-01 02:50:00,P0000170,L1,A,176.82366767513835,8.326878430939532,41.76420133469378,1.2103115581403017,29.22078995668363,61.81764729838723,48.6997690242439,7.390351150912477,0.12310538806918578,1.7499706807327409,0,none
2026-01-01 02:51:00,P0000171,L2,A,182.88089710815146,7.958580857620537,41.79130328663355,1.5772646462383029,26.066460715158787,60.41069585123578,41.53812735153337,2.1036373216648263,0.12321383594858148,1.8537415911255724,0,none
2026-01-01 02:52:00,P0000172,L1,A,177.9275908581257,7.805618280955738,40.43539164830506,2.5133707540299333,28.271773033237025,71.98057702631425,46.69466941635751,2.8198215264857964,0.1298322006547628,1.7515636045594907,0,none
2026-01-01 02:53:00,P0000173,L2,A,173.69166829928014,7.569576883890637,39.29381939826432,2.0748997002307172,32.49012685749997,57.42720260333155,45.12542199410976,2.6644044947298604,-0.02555187016769371,2.118115430430646,0,none
2026-01-01 02:54:00,P0000174,L1,A,173.4063433412421,8.926894654702883,45.78515873524461,2.5589305832513323,27.369265710314714,59.2585394296525,52.67940117032497,4.876646357473266,0.030978824226163427,1.9474272562421153,0,none
2026-01-01 02:55:00,P0000175,L2,A,181.38673354747166,7.915063084161031,34.63458004206654,2.04405371226814,21.698101402618246,64.6913756038049,38.39700902153128,2.048387860080152,0.029556382772905624,1.7578525016204525,0,none
2026-01-01 02:56:00,P0000176,L1,A,189.1250019102574,8.952033423528126,41.27999694346681,1.8729049097881254,25.296039439370507,58.145128240680094,46.42113250988129,6.198614222195318,0.22625401488053637,1.8417613482215862,0,none
2026-01-01 02:57:00,P0000177,L2,A,181.32245387465392,8.627083779324527,40.358851848405244,1.975786839129778,29.396359866277734,57.864813717099324,62.603958166725164,4.789294730919137,0.15124978070433492,1.8205086551272929,0,none
2026-01-01 02:58:00,P0000178,L1,A,179.79248920639563,7.216641605894177,43.465770203542704,0.7898508177592203,24.68223205572739,66.29977085643146,49.61866917841205,2.5564855034774823,-0.03703759686449566,1.499228934518423,0,none
2026-01-01 02:59:00,P0000179,L2,A,182.01954376781399,7.700321421908319,36.90997521218347,1.4710836098933444,30.08854535586745,64.29972855477538,38.52360483818333,1.525877210757027,-0.02046413642324453,1.6965332786068894,0,none
2026-01-01 03:00:00,P0000180,L1,A,187.63300957938753,7.69892969412178,40.250751305647384,2.6869478282492616,25.51347502032054,63.83972431295825,44.941938446615566,4.707785884122371,0.11283532102234758,1.8195924806942825,0,none
2026-01-01 03:01:00,P0000181,L2,A,181.65910375750119,7.964069136152418,41.641740931035855,2.7555449142983646,26.860185119983363,62.69093442634276,27.90315050217813,1.1295841042597123,0.08286673588983594,1.8087892019099665,0,none
2026-01-01 03:02:00,P0000182,L1,A,178.19490023041445,7.972858586098811,45.74525763629661,2.873391330300774,24.94777687896845,59.36981709372992,47.470259250005306,2.4094143177864082,-0.15820516772855978,1.960031441555121,0,none
2026-01-01 03:03:00,P0000183,L2,A,186.5420879053294,9.348307592929164,43.162647383783984,2.388235722842347,26.621466163820365,61.039849805615205,62.82913224846237,3.627255178066827,0.38332335526868744,1.9483078228926827,0,none
2026-01-01 03:04:00,P0000184,L1,A,182.81816041153888,7.5152474564863585,37.85779126195899,0.8591621191425516,26.923056569022908,61.69951570200122,37.32057329350429,3.4611283628381866,0.03915504606885961,1.7079738332582202,0,none
2026-01-01 03:05:00,P0000185,L2,A,188.90915795597797,8.103036471048975,40.29383148447769,1.8391112521546757,21.602945649321274,65.21562214199048,34.89557815997354,2.606019651321522,0.08342470093129603,1.6206416590334096,0,none
2026-01-01 03:06:00,P0000186,L1,A,181.4727894047205,8.277428484110512,45.10117973431242,2.828560622101748,25.246648693685348,63.618257989228894,42.12065984924553,5.979186084578667,0.1929205564949399,1.9802797583354612,0,none
2026-01-01 03:07:00,P0000187,L2,A,173.73292032553724,7.999292597988862,37.79728796926926,2.9926798312759546,23.014661453725395,58.47419483094178,56.291847062965616,2.2019710709753753,-0.10603904478768528,1.8630993643383336,0,none
2026-01-01 03:08:00,P0000188,L1,A,172.94512440414883,8.049581260001611,41.724745060696705,2.849456258653984,25.63581703497778,65.0002604654837,63.34173825777177,2.5826130330929815,-0.09227399235006024,1.7596922757946496,0,none
2026-01-01 03:09:00,P0000189,L2,A,189.55260362727188,7.529835997562036,41.968078416158036,2.070008009667504,24.614508691004403,55.62167701024637,52.033909355516016,4.182146958938093,0.18447643326127278,1.6236895121503707,0,none
2026-01-01 03:10:00,P0000190,L1,A,189.95516146430813,8.047918787571207,40.64975929027732,1.4885761797415356,30.178320671563867,60.78239697404956,36.42681251000443,4.189558550801946,0.34716475945985104,1.7493480878489278,0,none
2026-01-01 03:11:00,P0000191,L2,A,179.49014432694568,8.230129548278468,51.435131239796206,2.0776526255228354,30.355914096970817,57.660216167082126,47.799976146359604,1.7131052688407595,0.1461150034938309,1.9536206512296428,0,none
2026-01-01 03:12:00,P0000192,L1,A,178.37246973375207,8.147420262922008,40.55543989193358,2.1081438600266447,29.10945389157186,58.74300691101126,64.10482933881357,4.060484808712417,-0.058719141069403936,2.1598555072318923,0,none
2026-01-01 03:13:00,P0000193,L2,A,188.5204436073321,8.256590406760441,43.57417805778729,3.042428635982277,23.768480877784068,69.32102785655034,45.2018936830337,2.78142204223845,0.17181073475701567,1.8482502816930657,0,none
2026-01-01 03:14:00,P0000194,L1,A,174.39624874876083,8.635673555286305,39.317946079232506,2.2252852150672164,27.419881382645087,56.41143824359871,49.26425254657892,2.666734125328024,0.11336468955145618,1.7153144261236046,0,none
2026-01-01 03:15:00,P0000195,L2,A,175.56650139574296,8.421634943861454,43.84711797199792,2.1091746483844243,23.81556592180248,58.88706258722667,50.16503643599155,4.628133304300296,0.07250836933010396,2.17633299157069,0,none
2026-01-01 03:16:00,P0000196,L1,A,184.02829737078974,8.032082576073847,45.04775658898177,2.140931684153118,27.55811984214671,63.939526731009195,34.08723336749709,2.028528207221326,0.23996607774918483,1.792408508909176,0,none
2026-01-01 03:17:00,P0000197,L2,A,178.32217182427226,7.472708741652525,39.942125871388654,2.3199223563694775,30.085120644544954,60.213989512359284,56.98152041358203,3.33662893278996,0.03090385908694781,1.7572201510629388,0,none
2026-01-01 03:18:00,P0000198,L1,A,180.46682973303962,7.729997626379996,41.80854364673513,2.444542047333863,31.2620272544596,62.59111937691831,55.683855745468136,3.7527755465946777,0.14136317661386838,1.8414609900180743,1,process
2026-01-01 03:19:00,P0000199,L2,A,179.5985640581152,7.901165981637163,38.866520805381946,1.7015044112901023,29.84710576814856,67.43228860420406,30.058136419323635,4.670684684129735,0.25612768859328255,1.8174668835362442,0,none
2026-01-01 03:20:00,P0000200,L1,A,182.35666001839414,8.113555624103652,37.99458665782538,1.5183087829559372,32.346843263470696,64.487585859121,36.02413543467991,2.4830067460579865,-0.09654574687868951,2.111197309964544,0,none
2026-01-01 03:21:00,P0000201,L2,A,188.24365023722544,7.784750257325272,45.628784013750725,2.9301928910426422,29.49355487509809,60.21900706978223,39.272698873779774,5.259200924720222,0.47903550284333873,1.621944843936285,0,none
2026-01-01 03:22:00,P0000202,L1,A,181.0032169879596,7.578920060367042,40.06099668940723,1.197427288060374,28.156462041111965,61.491865978277,54.735143216329874,6.10805065870747,0.11115985776400017,1.9308546012804135,0,none
2026-01-01 03:23:00,P0000203,L2,A,184.0491633630227,7.465310589895848,33.552356850221756,3.0016460430970335,31.620981529098234,64.01630283718605,41.23999136844854,6.02823626089424,0.36613049304379397,1.9327770169153418,0,none
2026-01-01 03:24:00,P0000204,L1,A,169.23405344432936,7.256970008425011,48.178746547727684,1.0491267165104652,31.862285443387165,64.41296111140943,51.612159893300394,1.6421286855616826,-0.26618186617206774,1.7777325269428768,0,none
2026-01-01 03:25:00,P0000205,L2,A,180.24454878938434,7.894272183301444,39.19266636928088,1.7785023769429384,27.713199190743143,62.078860411469954,46.3640250419936,5.9329113660193755,0.06866928749439155,1.787699880010317,0,none
2026-01-01 03:26:00,P0000206,L1,A,175.8772335133892,7.338650551068363,41.137694346881894,2.634519683820896,30.565518204281634,63.370314200218154,48.64054577684826,6.080765826375056,-0.027432103678126027,1.8663787475454092,0,none
2026-01-01 03:27:00,P0000207,L2,A,173.81402816767005,7.549763442129174,47.7431727692301,2.1001880389930507,28.68848844841869,63.374013273442536,52.46341886623789,9.67297334838761,0.06376213010129969,1.8827419192496302,0,none
2026-01-01 03:28:00,P0000208,L1,A,175.6901619818919,7.822744157220064,41.50390267034326,1.3759377579309877,23.6885013076845,61.6495390947805,50.45100709260942,1.795245944623007,0.003909620535293014,1.7056943486114413,0,none
2026-01-01 03:29:00,P0000209,L2,A,178.68482107614554,7.398837210773855,41.428321892293475,2.334535484769298,31.177462333482815,59.700097095693636,47.82925311989551,8.072199137669466,0.03554714922809786,1.894701860113496,0,none
2026-01-01 03:30:00,P0000210,L1,A,185.56246398295806,8.170888484824413,37.70139434407314,2.16497673968351,26.116433454628453,64.82186327248233,50.94372386370799,1.1087244126429066,0.21215718535899572,1.713597818302639,0,none
2026-01-01 03:31:00,P0000211,L2,A,173.2323400524324,8.333100378622559,36.278082051303514,1.9811734413569122,31.127529770858423,63.108822754005175,49.95274869469546,6.20280289722788,-0.056467062752169374,2.263798436586262,0,none
2026-01-01 03:32:00,P0000212,L1,A,180.6984732092693,7.7527578411010705,41.417648073913554,1.7568427400694007,25.679795379230665,54.09227708004644,46.11299725834686,6.903440713765266,-0.037167350027676474,1.9912227397558362,0,none
2026-01-01 03:33:00,P0000213,L2,A,177.8695681166653,7.803337711575499,43.26983420926213,2.0809667002581698,28.269570197509204,58.86182502518989,44.118881354043495,6.051107569313767,0.06558947024160296,1.9451241469734277,0,none
2026-01-01 03:34:00,P0000214,L1,A,178.7327979810092,8.241843396562585,43.06933892873771,1.7799431134262047,29.270632166221525,60.17344788098719,64.92398536225767,1.3658183892954106,-0.010498255088198627,1.788096633742073,0,none
2026-01-01 03:35:00,P0000215,L2,A,186.05266803917533,7.678702206244394,40.315586218357744,3.4759409925721934,34.319460025219755,61.23570084436084,44.0156559732365,7.778198716679217,0.13172120327221842,2.123140377241872,0,none
2026-01-01 03:36:00,P0000216,L1,A,183.49963490352158,7.647769739781217,42.0709022977143,1.967990566500775,29.256597677185077,66.57499069497335,60.30295494924335,13.203779534435153,-0.10240051054480306,1.9414375271472057,0,none
2026-01-01 03:37:00,P0000217,L2,A,187.8981895909351,8.53842431518383,35.569765016352115,1.964601088036321,27.775087139173877,74.16883843424064,41.833837679985606,1.9621111206801152,0.17481871783825365,1.953651572414402,0,none
2026-01-01 03:38:00,P0000218,L1,A,179.69521876412554,8.397884482420753,43.61058457243418,1.8021001199817162,32.235892388837925,52.65648028426684,55.291570634771716,3.202876171877789,-0.02524346467048981,1.8092903861084892,0,none
2026-01-01 03:39:00,P0000219,L2,A,176.71981563581116,8.270697501054764,42.56492045669516,3.0773229635610067,30.63479351951272,63.15674416660477,64.05382406980779,2.4423544530054846,0.05417625310466066,1.972002505620748,0,none
2026-01-01 03:40:00,P0000220,L1,A,179.31877650715725,8.416540079627342,48.907813129640004,1.1985132171574384,33.80025311051944,62.26442725701351,44.9624416181024,5.484785269773658,-0.03369488345149113,2.183756315951169,0,none
2026-01-01 03:41:00,P0000221,L2,A,181.88623235199174,7.110224573584687,42.026178762501665,2.29768783204468,28.53578872393497,61.31413880304392,41.99347059830832,2.914917386243151,0.009342902525091748,1.8865629655370262,0,none
2026-01-01 03:42:00,P0000222,L1,A,181.5261534714954,8.609225996056898,38.70065726748872,1.9683905154679775,32.34684736070505,64.06317027237615,44.136933413891285,5.675091497544091,0.21650632197196537,1.862735216776974,0,none
2026-01-01 03:43:00,P0000223,L2,A,174.5933656027165,8.176427952462683,41.822469030689135,1.3171299424468934,39.26584324732442,62.56919721420203,47.8256912881243,3.5036040515285514,-0.0828603959820309,1.9841595303826014,0,none
2026-01-01 03:44:00,P0000224,L1,A,181.05769379895332,8.45485162280258,40.85270069994457,1.6495080196752863,31.28216312289697,60.62655089257261,50.89684204582765,4.207768398924545,-0.0214898833392395,1.8905627132137308,0,none
2026-01-01 03:45:00,P0000225,L2,A,181.81775581576397,8.174222800602363,43.521477540696395,2.274324696648208,32.70304837195903,62.111122122666515,47.64002529332656,3.860045158772452,0.2040143091763981,1.8290258162434294,0,none
2026-01-01 03:46:00,P0000226,L1,A,194.41110720643655,8.02201617110607,42.09412221603815,1.8119836589050098,27.302593511601422,64.11495332598567,44.22013896358738,1.1355739185738634,0.3555248972251263,1.7159645228640854,0,none
2026-01-01 03:47:00,P0000227,L2,A,190.89014536204917,7.8761108544370755,37.59018654631575,2.366782777037909,29.86963356459497,63.75359080515546,65.59087672028974,4.081702321019309,0.2318072730709103,2.026127572381579,0,none
2026-01-01 03:48:00,P0000228,L1,A,175.87716157192648,8.165214969598793,36.27489849132093,3.0510342757774938,33.95059067755688,62.71680276895481,46.19605057092756,1.3965057106453795,-0.04409545409437827,2.1691015651178036,0,none
2026-01-01 03:49:00,P0000229,L2,A,178.9918915114795,7.859713440992952,42.920178709215556,2.1938303724695345,31.72459248677906,59.7828990145393,42.4190876057443,1.557919150226018,-0.036847822475024425,2.2926707868644773,0,none
2026-01-01 03:50:00,P0000230,L1,A,172.52606898989646,8.3905442450293,46.84090089374234,1.3005681368115274,34.700441738945194,72.71274295625525,55.474600508224995,7.8673268584289335,-0.04649027800202261,2.0595316062725932,0,none
2026-01-01 03:51:00,P0000231,L2,A,177.3286114232008,7.28609450995151,42.27771759418102,1.6342620559842107,34.27481605738978,63.366150582515345,55.617922195442574,5.417989071871721,-0.050171752262637384,1.93833749525077,0,none
2026-01-01 03:52:00,P0000232,L1,A,182.31582751974688,7.756290862192575,44.846540738720726,1.943026843690106,29.188768835223865,64.89736026387732,60.71240439217065,5.166088535726723,-0.131278222537094,2.028753362476837,0,none
2026-01-01 03:53:00,P0000233,L2,A,187.21469491488529,8.920170461814491,45.5448320397126,1.9641351930208728,36.33163313358874,60.07035067912799,65.350773831444,4.121420795676683,0.13636587804845704,1.8003624415997976,0,none
2026-01-01 03:54:00,P0000234,L1,A,176.57503889241016,7.718263791392423,42.93377146028134,2.1836076148137553,29.70051659830423,62.720380037818906,51.11644818214709,11.865087382032083,0.13983609051318696,1.9920706748048593,0,none
2026-01-01 03:55:00,P0000235,L2,A,176.98969457962713,7.892592324621435,39.149279792485075,2.271843618142937,31.27666285400629,62.69011069184205,45.40571179011081,4.059092988376722,0.020494953346952997,2.0814251062442315,0,none
2026-01-01 03:56:00,P0000236,L1,A,168.7799103364374,7.602838579992466,42.68357829765947,3.0517903753153726,34.40274046088835,54.73459080402351,30.879866396647387,3.645802418795385,0.04752108174167803,2.1437634872912703,0,none
2026-01-01 03:57:00,P0000237,L2,A,179.69783743700302,8.151130552798621,46.224755106601684,2.0979541842016585,38.55821188116259,59.27668911068427,39.55933723486751,3.5682840981153463,0.22021873839454986,2.2695644146374194,0,none
2026-01-01 03:58:00,P0000238,L1,A,174.7517207347724,7.668680799436013,43.8546169235997,1.4662930542182495,30.98837094361753,59.20645525892131,49.87705591499607,7.141163384458936,-0.08826641851815917,1.7714509742075941,0,none
2026-01-01 03:59:00,P0000239,L2,A,177.6855831494866,7.916475079336827,44.618858699900294,2.734593371636712,34.585910503115805,59.71826428799207,37.3715233808776,3.9426156573572237,0.01644787300515807,1.8770433720255681,0,none
2026-01-01 04:00:00,P0000240,L1,A,175.77726572007825,8.381989941215782,40.38108815407861,2.794663517229563,34.75377569220531,57.93461128638786,33.73390420777692,4.635968405325255,0.15925729273979922,1.9282820788284023,0,none
2026-01-01 04:01:00,P0000241,L2,A,180.08405595161094,7.6855564615333325,41.291761840890814,2.227843701703283,36.40065136188875,62.166652937943596,48.59245105456385,7.4554378404529,0.13223530668552713,1.775137571671295,0,none
2026-01-01 04:02:00,P0000242,L1,A,170.93749384753852,8.354875003669349,41.58445441184872,1.9644830826350712,38.123520220465835,67.30996273281396,54.99083297168052,5.237954292905264,0.08316143028507761,2.094247230992905,0,none
2026-01-01 04:03:00,P0000243,L2,A,172.53875115034953,8.37000319200216,41.82031699112122,2.442400521401984,33.5020599222799,62.495857058989415,45.781697586997325,6.437466136678031,-0.008515296156497529,2.052284283523562,0,none
2026-01-01 04:04:00,P0000244,L1,A,192.32085911615565,8.474730242623682,46.08785410604325,2.13368156656706,37.8926905809317,57.51117226844672,56.071088424542545,2.4300564445516146,0.3170681866253588,2.074855542148785,0,none
2026-01-01 04:05:00,P0000245,L2,A,173.53167580299285,8.063243447713118,33.784891950816416,0.9693600891723837,38.990965156479135,58.082565167844066,53.54924667531664,1.8092078635681608,-0.1153221461016183,1.9772143773782764,0,none
2026-01-01 04:06:00,P0000246,L1,A,174.5826793184995,9.458566584639554,42.10688406603643,2.4099108556348567,40.49473467947187,60.56720563300394,58.34309981788793,8.782492978037734,0.11559933387465221,2.1912714617833218,0,none
2026-01-01 04:07:00,P0000247,L2,A,190.72052440576724,8.474540163443937,41.72176268506801,2.7117077516398282,36.791484184879145,56.62069524466453,67.56094612556032,6.312886082888788,0.1858995299047892,2.0841877882348134,0,none
2026-01-01 04:08:00,P0000248,L1,A,196.59786943082224,8.146194930983071,37.19974600494548,3.1193596264634316,35.90088215962933,63.15693691905126,71.52623976602186,5.561173355187213,0.30119580594609147,1.887560730345652,1,process
2026-01-01 04:09:00,P0000249,L2,A,174.17888354146064,7.605834013663219,44.35118525805613,1.6980828563760895,34.147675150583964,67.14177570511376,54.58504004853938,4.821368651471013,-0.06905619482832512,1.442848637652613,0,none
